model,artifact,segments,SNR_mean_dB,PRD_mean_pct,MAD_mean_mV
ACDAE,BW,3838,8.77039348470949,39.33838897891339,0.4281071961334266
ACDAE,BW+EM,4020,4.920947090258765,65.83196160084431,0.6952746769242428
ACDAE,BW+MA,3876,8.300564683785094,41.313611377493665,0.5112637791928035
ACDAE,BW+MA+EM,4030,5.208014596283516,63.10850034622427,0.6835791067593006
ACDAE,Clean,3948,13.38188497048067,22.660490463987504,0.2863585583402383
ACDAE,EM,3848,4.596360867214977,68.19210348911547,0.7132457540585146
ACDAE,MA,3794,8.132290104754055,42.17787039056752,0.550158410887462
ACDAE,MA+EM,3716,5.032453083471451,64.33151135366595,0.695713870353753
CBAM-DAE,BW,3838,8.652155522069393,39.828283059284225,0.4009520011350674
CBAM-DAE,BW+EM,4020,4.279608511214097,72.08527818235473,0.7091443303874979
CBAM-DAE,BW+MA,3876,8.127315893799954,42.13518414665812,0.489158602737247
CBAM-DAE,BW+MA+EM,4030,4.59959775846326,69.08002032950368,0.6982807952367077
CBAM-DAE,Clean,3948,13.295878462070277,22.882676444940106,0.23646468047075733
CBAM-DAE,EM,3848,3.871118169703927,75.30776151685414,0.7299621002631111
CBAM-DAE,MA,3794,7.932977613775127,43.113554958818014,0.526041463515837
CBAM-DAE,MA+EM,3716,4.475079341606425,70.09298729858249,0.7070204100125824
CNN-DAE,BW,3838,4.929462528163422,58.05155774834992,0.8323808426232832
CNN-DAE,BW+EM,4020,2.8807452676797944,76.32450013604591,0.9914346532368238
CNN-DAE,BW+MA,3876,4.907733183228363,58.23840620511405,0.8598450082537461
CNN-DAE,BW+MA+EM,4030,3.1213536092142413,74.07947520798803,0.9731435297600978
CNN-DAE,Clean,3948,5.891345170734186,51.655491749100975,0.7858907610701892
CNN-DAE,EM,3848,2.6018258722588135,78.79514442510224,1.0129060087346338
CNN-DAE,MA,3794,4.877185497129092,58.52990047329339,0.8799250088666108
CNN-DAE,MA+EM,3716,3.1180274044771967,74.17823980163408,0.9692056248169051
DRNN,BW,3838,4.591159477574541,62.25309537072104,0.7011119080676871
DRNN,BW+EM,4020,2.3267502085549143,86.23888249405269,0.9852762251018452
DRNN,BW+MA,3876,4.416741275542601,63.33821754775538,0.7981665032874609
DRNN,BW+MA+EM,4030,2.6348729501232753,82.5021144004817,0.9597621944013457
DRNN,Clean,3948,9.851700116787832,34.19628888431924,0.40210715765657756
DRNN,EM,3848,2.103756097138871,88.75099420056875,1.0078322989933244
DRNN,MA,3794,4.5268850582518105,62.629155194955295,0.8306429870105815
DRNN,MA+EM,3716,2.557072103106762,83.33563446636207,0.9635165034335159
DeepFilter,BW,3838,7.054593489797706,46.94238636304681,0.47501176398252726
DeepFilter,BW+EM,4020,3.377545330478845,76.01642950960311,0.7488975751345924
DeepFilter,BW+MA,3876,6.741782616712073,48.44046451401494,0.5470937534604893
DeepFilter,BW+MA+EM,4030,3.760260443440993,72.33471371957057,0.7338846065454301
DeepFilter,Clean,3948,11.139418855341532,29.11318106220486,0.32093460938402985
DeepFilter,EM,3848,3.0631095849420378,78.99368462008916,0.7780456593714838
DeepFilter,MA,3794,6.67771201062653,48.8057635451203,0.5797647753326368
DeepFilter,MA+EM,3716,3.6310295693155803,73.35755487677521,0.7372743875286714
FCN-DAE,BW,3838,7.045437978399657,47.06463314913236,0.5615909231372953
FCN-DAE,BW+EM,4020,3.9111678793765186,71.63574112197004,0.8338129392614679
FCN-DAE,BW+MA,3876,6.744158256823479,48.57573964018177,0.6290914988355041
FCN-DAE,BW+MA+EM,4030,4.1974445114267835,69.0777341172933,0.8186945024365762
FCN-DAE,Clean,3948,8.965339491597016,37.42355435913732,0.4525179023800886
FCN-DAE,EM,3848,3.5204105164083166,74.91097795528346,0.8644478287517349
FCN-DAE,MA,3794,6.636122483994023,49.23501571333121,0.6579513650851592
FCN-DAE,MA+EM,3716,4.108574918316542,69.90454156005372,0.8215877510243382
FGDAE q=1,BW,3838,9.15887831640879,37.8845409250582,0.3899682964595216
FGDAE q=1,BW+EM,4020,5.586787994368258,61.668403348684556,0.6189163706675703
FGDAE q=1,BW+MA,3876,8.800226265402044,39.2773495826776,0.46163578976354797
FGDAE q=1,BW+MA+EM,4030,5.816955929546698,59.452997972969676,0.61987722261091
FGDAE q=1,Clean,3948,15.307266460591373,19.004204070653405,0.1867157276159391
FGDAE q=1,EM,3848,5.191970845028669,64.25981513397058,0.6386407346538678
FGDAE q=1,MA,3794,8.66595444346522,39.943954323628915,0.495230936866609
FGDAE q=1,MA+EM,3716,5.672648071493621,60.87408874797986,0.6382195811500548
FGDAE q=2,BW,3838,9.063016581641405,38.41505840662332,0.3997683663307329
FGDAE q=2,BW+EM,4020,5.811945378253106,59.28176475371312,0.598192719985984
FGDAE q=2,BW+MA,3876,8.592419624704297,40.35662323560718,0.47330593439779484
FGDAE q=2,BW+MA+EM,4030,5.953583774975947,57.98015510828891,0.6088775449332486
FGDAE q=2,Clean,3948,13.411657941294523,23.01999210865347,0.2175070036213746
FGDAE q=2,EM,3848,5.512021987251608,61.06563314470773,0.6114892514822585
FGDAE q=2,MA,3794,8.443032940818435,41.14674107566733,0.5059825303591785
FGDAE q=2,MA+EM,3716,5.79783025437359,59.10560975455759,0.6180200894824652
FGDAE q=3,BW,3838,7.768438992504748,43.97475483558213,0.46974378158662045
FGDAE q=3,BW+EM,4020,4.968611050888391,65.0302479835296,0.6631616682923895
FGDAE q=3,BW+MA,3876,7.406060719768042,45.93303700735627,0.5503872351063551
FGDAE q=3,BW+MA+EM,4030,5.170006843144523,62.849002068746735,0.6643519030384087
FGDAE q=3,Clean,3948,14.352470237777862,20.659227133566866,0.22847981904837844
FGDAE q=3,EM,3848,4.660611448557121,67.05800475847182,0.6812746493557538
FGDAE q=3,MA,3794,7.355434525611212,46.46872424813117,0.5804209328938497
FGDAE q=3,MA+EM,3716,5.06242965576657,63.77786402880488,0.6730052457625398
FGDAE q=4,BW,3838,3.948275408404014,66.8922051700657,0.7553732377527258
FGDAE q=4,BW+EM,4020,2.559791356509292,82.21891062804885,0.8806510632458097
FGDAE q=4,BW+MA,3876,4.009333714747326,66.94288573359826,0.7960000896000884
FGDAE q=4,BW+MA+EM,4030,2.811104810647952,79.31742842133575,0.8608442442685538
FGDAE q=4,Clean,3948,10.679414729701438,31.14311467977832,0.36235781000314016
FGDAE q=4,EM,3848,2.299234560961341,84.5466380587278,0.8936342600757866
FGDAE q=4,MA,3794,4.2651504326771335,65.37493149095813,0.795772261492264
FGDAE q=4,MA+EM,3716,2.8215692092072384,79.614444506187,0.8601067121215957
MyDDPM,BW,3838,6.984192770073816,49.03714461782762,0.511069553142802
MyDDPM,BW+EM,4020,3.714807085559327,75.4401401885029,0.7636272592652953
MyDDPM,BW+MA,3876,6.622112826581273,51.30645037043287,0.6227164958511613
MyDDPM,BW+MA+EM,4030,4.013497909107091,72.65302356923867,0.7616388071190231
MyDDPM,Clean,3948,20.543206805057153,15.418501396435621,0.15899580796114415
MyDDPM,EM,3848,3.4176412612850195,77.88543313358501,0.7815515091576464
MyDDPM,MA,3794,6.606855755240341,51.91275784030887,0.6534116494489979
MyDDPM,MA+EM,3716,3.846468889036741,73.98224408297776,0.779171661472675
TCDAE,BW,3838,8.584670078569047,40.84487343067417,0.4318752414268589
TCDAE,BW+EM,4020,4.685192152737006,69.07015260857175,0.7029172684519971
TCDAE,BW+MA,3876,8.192964838779783,42.56835788838655,0.5250667113419175
TCDAE,BW+MA+EM,4030,4.920432728651747,66.90149117189013,0.7056859903167035
TCDAE,Clean,3948,13.759153707733267,22.34388303127264,0.29177863821897404
TCDAE,EM,3848,4.35866131002828,71.83285070305675,0.7220942674883629
TCDAE,MA,3794,7.996791591139156,43.60437761367226,0.5632876248254528
TCDAE,MA+EM,3716,4.772858649112267,68.08893907358718,0.7164665736842832
Vanilla DAE,BW,3838,4.3042712332227655,63.58792450217214,0.8604954288728842
Vanilla DAE,BW+EM,4020,0.8448953035638068,99.7597394618689,1.1686112298368967
Vanilla DAE,BW+MA,3876,4.245222484855729,63.869235731653966,0.8825676337515225
Vanilla DAE,BW+MA+EM,4030,1.4220415794825547,92.99797040779136,1.1102970144329762
Vanilla DAE,Clean,3948,5.882478743916234,52.47093961514186,0.7373064710045527
Vanilla DAE,EM,3848,0.4342442784427094,104.61991084333529,1.2101143605476015
Vanilla DAE,MA,3794,4.23278372737574,63.913255782246594,0.8920310356158591
Vanilla DAE,MA+EM,3716,1.4013758526427316,93.4589202292162,1.1040235572164283
